[
  {
    "t_id": "6878534095548019",
    "id": "1331814336",
    "time_start": "13/09/2024",
    "time_end": "09/03/2052"
  },
  {
    "t_id": "8201910669832758",
    "id": "100035421814099",
    "time_start": "24/09/2024",
    "time_end": "22/04/2025"
  },
  {
    "t_id": "8635678413206032",
    "id": "509484270",
    "time_start": "24/11/2024",
    "time_end": "21/08/2027"
  },
  {
    "t_id": "6620227634772011",
    "id": "100054581515180",
    "time_start": "20/01/2025",
    "time_end": "19/02/2025"
  },
  {
    "t_id": "8867281286641611",
    "id": "100018277053087",
    "time_start": "23/01/2025",
    "time_end": "22/02/2025"
  }
]