[
    {
        "key": "datr",
        "value": "LuyxaINlHC9IqRK7FGbILu9u",
        "domain": "facebook.com",
        "path": "/",
        "hostOnly": false,
        "creation": "2025-08-29T20:05:24.284Z",
        "lastAccessed": "2025-08-29T20:05:24.284Z"
    },
    {
        "key": "sb",
        "value": "LuyxaDERgWcSARiaS-8Auxbk",
        "domain": "facebook.com",
        "path": "/",
        "hostOnly": false,
        "creation": "2025-08-29T20:05:24.284Z",
        "lastAccessed": "2025-08-29T20:05:24.284Z"
    },
    {
        "key": "dpr",
        "value": "1.4052501916885376",
        "domain": "facebook.com",
        "path": "/",
        "hostOnly": false,
        "creation": "2025-08-29T20:05:24.284Z",
        "lastAccessed": "2025-08-29T20:05:24.284Z"
    },
    {
        "key": "locale",
        "value": "vi_VN",
        "domain": "facebook.com",
        "path": "/",
        "hostOnly": false,
        "creation": "2025-08-29T20:05:24.284Z",
        "lastAccessed": "2025-08-29T20:05:24.284Z"
    },
    {
        "key": "ps_l",
        "value": "1",
        "domain": "facebook.com",
        "path": "/",
        "hostOnly": false,
        "creation": "2025-08-29T20:05:24.284Z",
        "lastAccessed": "2025-08-29T20:05:24.284Z"
    },
    {
        "key": "ps_n",
        "value": "1",
        "domain": "facebook.com",
        "path": "/",
        "hostOnly": false,
        "creation": "2025-08-29T20:05:24.285Z",
        "lastAccessed": "2025-08-29T20:05:24.285Z"
    },
    {
        "key": "c_user",
        "value": "100076502374383",
        "domain": "facebook.com",
        "path": "/",
        "hostOnly": false,
        "creation": "2025-08-29T20:05:24.285Z",
        "lastAccessed": "2025-08-29T20:05:24.285Z"
    },
    {
        "key": "xs",
        "value": "10%3AksP-L5iyrxXkOQ%3A2%3A1756491126%3A-1%3A-1",
        "domain": "facebook.com",
        "path": "/",
        "hostOnly": false,
        "creation": "2025-08-29T20:05:24.285Z",
        "lastAccessed": "2025-08-29T20:05:24.285Z"
    },
    {
        "key": "pas",
        "value": "100076502374383%3ADTJGnGD66z",
        "domain": "facebook.com",
        "path": "/",
        "hostOnly": false,
        "creation": "2025-08-29T20:05:24.285Z",
        "lastAccessed": "2025-08-29T20:05:24.285Z"
    },
    {
        "key": "vpd",
        "value": "v1%3B1520x768x1.4052501916885376",
        "domain": "facebook.com",
        "path": "/",
        "hostOnly": false,
        "creation": "2025-08-29T20:05:24.285Z",
        "lastAccessed": "2025-08-29T20:05:24.285Z"
    },
    {
        "key": "fr",
        "value": "0vRBZL4vokGbbKTCb.AWeJXAw8Rx37-DVhf521GhPKWnSxhUp7jC91VtoGRt7o3Gx0VIU.Bosewv..AAA.0.0.Bosgfl.AWeEG8IwItmCbSr3HVASUUu3pZQ",
        "domain": "facebook.com",
        "path": "/",
        "hostOnly": false,
        "creation": "2025-08-29T20:05:24.285Z",
        "lastAccessed": "2025-08-29T20:05:24.285Z"
    },
    {
        "key": "wl_cbv",
        "value": "v2%3Bclient_version%3A2906%3Btimestamp%3A1756497893",
        "domain": "facebook.com",
        "path": "/",
        "hostOnly": false,
        "creation": "2025-08-29T20:05:24.285Z",
        "lastAccessed": "2025-08-29T20:05:24.285Z"
    },
    {
        "key": "fbl_st",
        "value": "101728901%3BT%3A29274964",
        "domain": "facebook.com",
        "path": "/",
        "hostOnly": false,
        "creation": "2025-08-29T20:05:24.285Z",
        "lastAccessed": "2025-08-29T20:05:24.285Z"
    }
]